Workbook

Sheet Settings
B1: Chemical Cleaning / Decontamination – Volume Estimate Template
B2: Fill in the yellow cells on this sheet first, then the 'Volume Calculation' sheet. The 'Summary' sheet is the proposal output.
B4: PROJECT INFORMATION
B5: Client
B6: Plant / Unit
B7: Proposal / Project No.
B8: Location
B9: Prepared by
B10: Date
B11: Revision
B13: TRAIN / UNIT NAMES (shown as column headings)
B14: Train 1 name | C14: Train 1
B15: Train 2 name | C15: Train 2
B16: Train 3 name | C16: Train 3
B17: Train 4 name | C17: Train 4
B18: Train 5 name | C18: Train 5
B20: JOB TYPE (drives the whole calculation)
B21: Job type | C21: Chemical Cleaning
B23: GENERAL PARAMETERS
B24: Water density for water-weight → volume | C24: 1000 | D24: kg/m³ | G24: Volume = water weight ÷ this density
B25: Tube pitch ratio (pitch ÷ tube OD) | C25: 1.25 | D25: – | G25: Used to estimate tube OD when only the pitch is given (TEMA typical 1.25)
B26: Drum size | C26: 200 | D26: L | G26: Chemical containers – used for the drum count on the Summary
B27: IBC / tote size | C27: 1000 | D27: L | G27: Chemical containers – used for the IBC count on the Summary
B29: METHODOLOGY – % of equipment volume considered and chemical dosage (edit per project)
B30: Equipment | C30: Chemical cleaning – fill % | D30: Decontamination – method | E30: Decon – fill % | F30: Decon – chemical % vol | G30: Remarks
B31: Exchanger | C31: 1 | D31: Vapour phase – complete volume (same as column) | E31: 1 | F31: 0.01 | G31: CC: full volume, tube side + shell side
B32: Piping | C32: 1 | D32: Vapour phase – complete volume (same as column) | E32: 1 | F32: 0.01 | G32: CC: full volume
B33: Column | C33: per item ▼ | D33: Vapour phase – column filled for complete volume | E33: 1 | F33: 0.01 | G33: CC: Full fill or 20% + gamma jet – chosen per item
B34: Vessel – Vertical | C34: per item ▼ | D34: Boil-out – water fill, steam injected at bottom (rumbling) | E34: 0.3 | F34: 0.02 | G34: CC: Full fill or 20% + gamma jet – chosen per item
B35: Vessel – Horizontal | C35: per item ▼ | D35: Boil-out – water fill, steam injected at bottom (rumbling) | E35: 0.3 | F35: 0.02 | G35: CC: Full fill or 20% + gamma jet – chosen per item
B36: Tank | C36: per item ▼ | D36: Gamma-jet circulation (heating up to 80 °C if required) | E36: 0.3 | F36: 0.02 | G36: ⚠ TO CONFIRM: decon fill % and chemical % for tanks (set equal to boil-out)
B38: CHEMICAL CLEANING – method options for vessels / columns / tanks (chosen per item)
B39: Method | C39: % of volume considered | D39: Remarks
B40: Full fill | C40: 1 | D40: Equipment completely filled with cleaning solution
B41: 20% + gamma jet circulation | C41: 0.2 | D41: Large equipment: 20% of volume circulated through gamma jetting nozzle
B43: CHEMICAL CLEANING – chemical steps (applied to the total considered volume)
B44: Step / chemical | C44: Concentration % vol | D44: No. of fills / batches | G44: Remarks
B45: EXAMPLE – Alkaline degreasing | C45: 0.02 | D45: 1 | G45: Example row – replace with the project's chemical programme
B54: LEGEND: yellow = input (blue text) · green = calculated · drop-downs are provided for units, head types, layout, basis and methods.
B55: All equipment volumes are calculated in m³. Each input row on 'Volume Calculation' has its own unit drop-down (mm, cm, m, in, ft / kg, t, lb / m³, L, gal …).
B56: Head volumes exclude the straight flange; torispherical = ASME F&D approximation. Internals (trays, packing, demisters) are not deducted.

Sheet Volume Calculation
B1: VOLUME CALCULATION – Exchangers, Vessels / Columns / Tanks, Piping
B2: ="Client: "&ProjClient&" · Plant: "&ProjPlant&" · Proposal: "&ProjNo -> Client: · Plant: · Proposal:
B3: ="JOB TYPE: "&UPPER(JobType)&" (change on the Settings sheet)" -> JOB TYPE: CHEMICAL CLEANING (change on the Settings sheet)
B4: Enter data per train in the yellow cells (blank = not applicable). Pick the unit of each row in column C. Green rows are calculated in m³. Tip: copy a Train column to the next train when trains are identical.
A6: # | B6: Parameter | C6: Unit | D6: =TrainName1 -> Train 1 | E6: =TrainName2 -> Train 2 | F6: =TrainName3 -> Train 3 | G6: =TrainName4 -> Train 4 | H6: =TrainName5 -> Train 5 | I6: Total (all trains) | J6: Notes / source
A8: A. HEAT EXCHANGERS – tube side & shell side (20 items)
A9: 1 | B9: HEAT EXCHANGER 1
B10: Tag No. | C10: – | D10: EXAMPLE E-101 | J10: Example data in Train 1 of item 1 – overwrite or delete
B11: Service / description | C11: –
B12: TEMA type (e.g. AES, BEU) – reference | C12: –
B13: TUBE SIDE – from data sheet
B14: Number of tubes (U-tube: no. of tube holes) | C14: nos | D14: 500
B15: Tube OD | C15: mm | D15: 19.05 | J15: Leave blank if not given – estimated from tube pitch ÷ pitch ratio
B16: Tube ID | C16: mm | D16: 15.75
B17: Tube length (straight length per tube) | C17: mm | D17: 6096
B18: Tube pitch | C18: mm | D18: 23.81 | J18: Used when tube OD and/or shell ID are not given
B19: Tube layout | C19: – | D19: Triangular (30°) | E19: Triangular (30°) | F19: Triangular (30°) | G19: Triangular (30°) | H19: Triangular (30°)
B20: Front channel / bonnet ID | C20: mm | D20: 800
B21: Front channel cylindrical length | C21: mm | D21: 600
B22: Front head / cover type | C22: – | D22: Flat
B23: Rear channel / bonnet ID (blank for U-tube) | C23: mm | D23: 800
B24: Rear channel cylindrical length | C24: mm | D24: 300
B25: Rear head / cover type | C25: – | D25: 2:1 Ellipsoidal
B26: Channel / bonnet volume – if given on data sheet | C26: m³ | J26: If filled, overrides the channel dimensions above
B27: Tube side water weight – if given | C27: kg
B28: SHELL SIDE – from data sheet
B29: Shell ID | C29: mm | D29: 800 | J29: If blank: area estimated as no. of tubes × pitch² × layout factor
B30: Shell length (tubesheet to tubesheet / cover) | C30: mm | D30: 6000 | J30: If blank, tube length is used
B31: Shell cover / head type (e.g. U-tube or floating head cover) | C31: –
B32: Shell side water weight – if given | C32: kg
B33: VOLUME BASIS – choose per item
B34: Tube side basis | C34: – | D34: Dimensions | E34: Dimensions | F34: Dimensions | G34: Dimensions | H34: Dimensions
B35: Shell side basis | C35: – | D35: Dimensions | E35: Dimensions | F35: Dimensions | G35: Dimensions | H35: Dimensions
B36: CALCULATION
B37: Tube OD used | C37: mm | D37: =IF(ISNUMBER(D15),D15*INDEX(LenF,MATCH($C$15,LenU,0))*1000,IF(ISNUMBER(D18),D18*INDEX(LenF,MATCH($C$18,LenU,0))/PitchRatio*1000,"")) -> 19.05 | E37: =IF(ISNUMBER(E15),E15*INDEX(LenF,MATCH($C$15,LenU,0))*1000,IF(ISNUMBER(E18),E18*INDEX(LenF,MATCH($C$18,LenU,0))/PitchRatio*1000,"")) | F37: =IF(ISNUMBER(F15),F15*INDEX(LenF,MATCH($C$15,LenU,0))*1000,IF(ISNUMBER(F18),F18*INDEX(LenF,MATCH($C$18,LenU,0))/PitchRatio*1000,"")) | G37: =IF(ISNUMBER(G15),G15*INDEX(LenF,MATCH($C$15,LenU,0))*1000,IF(ISNUMBER(G18),G18*INDEX(LenF,MATCH($C$18,LenU,0))/PitchRatio*1000,"")) | H37: =IF(ISNUMBER(H15),H15*INDEX(LenF,MATCH($C$15,LenU,0))*1000,IF(ISNUMBER(H18),H18*INDEX(LenF,MATCH($C$18,LenU,0))/PitchRatio*1000,"")) | J37: Given OD, or pitch ÷ pitch ratio (Settings) when OD is blank
B38: Tubes internal volume (N × π/4 × ID² × L) | C38: m³ | D38: =IF(AND(ISNUMBER(D14),ISNUMBER(D16),ISNUMBER(D17)),D14*PI()/4*(D16*INDEX(LenF,MATCH($C$16,LenU,0)))^2*D17*INDEX(LenF,MATCH($C$17,LenU,0)),"") -> 0.59383523 | E38: =IF(AND(ISNUMBER(E14),ISNUMBER(E16),ISNUMBER(E17)),E14*PI()/4*(E16*INDEX(LenF,MATCH($C$16,LenU,0)))^2*E17*INDEX(LenF,MATCH($C$17,LenU,0)),"") | F38: =IF(AND(ISNUMBER(F14),ISNUMBER(F16),ISNUMBER(F17)),F14*PI()/4*(F16*INDEX(LenF,MATCH($C$16,LenU,0)))^2*F17*INDEX(LenF,MATCH($C$17,LenU,0)),"") | G38: =IF(AND(ISNUMBER(G14),ISNUMBER(G16),ISNUMBER(G17)),G14*PI()/4*(G16*INDEX(LenF,MATCH($C$16,LenU,0)))^2*G17*INDEX(LenF,MATCH($C$17,LenU,0)),"") | H38: =IF(AND(ISNUMBER(H14),ISNUMBER(H16),ISNUMBER(H17)),H14*PI()/4*(H16*INDEX(LenF,MATCH($C$16,LenU,0)))^2*H17*INDEX(LenF,MATCH($C$17,LenU,0)),"") | I38: =IF(COUNT(D38:H38)=0,"",SUM(D38:H38)) -> 0.59383523
B39: Channel / bonnet volume (front + rear) | C39: m³ | D39: =IF(ISNUMBER(D26),D26*INDEX(VolF,MATCH($C$26,VolU,0)),IF(ISNUMBER(D20),PI()/4*(D20*INDEX(LenF,MATCH($C$20,LenU,0)))^2*N(D21)*INDEX(LenF,MATCH($C$21,LenU,0))+IF(D22="",0,IF(D22="Conical",PI()/12*(D20*INDEX(LenF,MATCH($C$20,LenU,0)))^2*(0),INDEX(HeadK,MATCH(D22,HeadU,0))*(D20*INDEX(LenF,MATCH($C$20,LenU,0)))^3)),0)+IF(ISNUMBER(D23),PI()/4*(D23*INDEX(LenF,MATCH($C$23,LenU,0)))^2*N(D24)*INDEX(LenF,MATCH($C$24,LenU,0))+IF(D25="",0,IF(D25="Conical",PI()/12*(D23*INDEX(LenF,MATCH($C$23,LenU,0)))^2*(0),INDEX(HeadK,MATCH(D25,HeadU,0))*(D23*INDEX(LenF,MATCH($C$23,LenU,0)))^3)),0)) -> 0.51940999 | E39: =IF(ISNUMBER(E26),E26*INDEX(VolF,MATCH($C$26,VolU,0)),IF(ISNUMBER(E20),PI()/4*(E20*INDEX(LenF,MATCH($C$20,LenU,0)))^2*N(E21)*INDEX(LenF,MATCH($C$21,LenU,0))+IF(E22="",0,IF(E22="Conical",PI()/12*(E20*INDEX(LenF,MATCH($C$20,LenU,0)))^2*(0),INDEX(HeadK,MATCH(E22,HeadU,0))*(E20*INDEX(LenF,MATCH($C$20,LenU,0)))^3)),0)+IF(ISNUMBER(E23),PI()/4*(E23*INDEX(LenF,MATCH($C$23,LenU,0)))^2*N(E24)*INDEX(LenF,MATCH($C$24,LenU,0))+IF(E25="",0,IF(E25="Conical",PI()/12*(E23*INDEX(LenF,MATCH($C$23,LenU,0)))^2*(0),INDEX(HeadK,MATCH(E25,HeadU,0))*(E23*INDEX(LenF,MATCH($C$23,LenU,0)))^3)),0)) -> 0 | F39: =IF(ISNUMBER(F26),F26*INDEX(VolF,MATCH($C$26,VolU,0)),IF(ISNUMBER(F20),PI()/4*(F20*INDEX(LenF,MATCH($C$20,LenU,0)))^2*N(F21)*INDEX(LenF,MATCH($C$21,LenU,0))+IF(F22="",0,IF(F22="Conical",PI()/12*(F20*INDEX(LenF,MATCH($C$20,LenU,0)))^2*(0),INDEX(HeadK,MATCH(F22,HeadU,0))*(F20*INDEX(LenF,MATCH($C$20,LenU,0)))^3)),0)+IF(ISNUMBER(F23),PI()/4*(F23*INDEX(LenF,MATCH($C$23,LenU,0)))^2*N(F24)*INDEX(LenF,MATCH($C$24,LenU,0))+IF(F25="",0,IF(F25="Conical",PI()/12*(F23*INDEX(LenF,MATCH($C$23,LenU,0)))^2*(0),INDEX(HeadK,MATCH(F25,HeadU,0))*(F23*INDEX(LenF,MATCH($C$23,LenU,0)))^3)),0)) -> 0 | G39: =IF(ISNUMBER(G26),G26*INDEX(VolF,MATCH($C$26,VolU,0)),IF(ISNUMBER(G20),PI()/4*(G20*INDEX(LenF,MATCH($C$20,LenU,0)))^2*N(G21)*INDEX(LenF,MATCH($C$21,LenU,0))+IF(G22="",0,IF(G22="Conical",PI()/12*(G20*INDEX(LenF,MATCH($C$20,LenU,0)))^2*(0),INDEX(HeadK,MATCH(G22,HeadU,0))*(G20*INDEX(LenF,MATCH($C$20,LenU,0)))^3)),0)+IF(ISNUMBER(G23),PI()/4*(G23*INDEX(LenF,MATCH($C$23,LenU,0)))^2*N(G24)*INDEX(LenF,MATCH($C$24,LenU,0))+IF(G25="",0,IF(G25="Conical",PI()/12*(G23*INDEX(LenF,MATCH($C$23,LenU,0)))^2*(0),INDEX(HeadK,MATCH(G25,HeadU,0))*(G23*INDEX(LenF,MATCH($C$23,LenU,0)))^3)),0)) -> 0 | H39: =IF(ISNUMBER(H26),H26*INDEX(VolF,MATCH($C$26,VolU,0)),IF(ISNUMBER(H20),PI()/4*(H20*INDEX(LenF,MATCH($C$20,LenU,0)))^2*N(H21)*INDEX(LenF,MATCH($C$21,LenU,0))+IF(H22="",0,IF(H22="Conical",PI()/12*(H20*INDEX(LenF,MATCH($C$20,LenU,0)))^2*(0),INDEX(HeadK,MATCH(H22,HeadU,0))*(H20*INDEX(LenF,MATCH($C$20,LenU,0)))^3)),0)+IF(ISNUMBER(H23),PI()/4*(H23*INDEX(LenF,MATCH($C$23,LenU,0)))^2*N(H24)*INDEX(LenF,MATCH($C$24,LenU,0))+IF(H25="",0,IF(H25="Conical",PI()/12*(H23*INDEX(LenF,MATCH($C$23,LenU,0)))^2*(0),INDEX(HeadK,MATCH(H25,HeadU,0))*(H23*INDEX(LenF,MATCH($C$23,LenU,0)))^3)),0)) -> 0 | I39: =IF(COUNT(D39:H39)=0,"",SUM(D39:H39)) -> 0.51940999 | J39: Given volume, else cylinder + head for front and rear
B40: Tube side volume – from dimensions | C40: m³ | D40: =IF(D38="","",D38+D39) -> 1.1132452 | E40: =IF(E38="","",E38+E39) | F40: =IF(F38="","",F38+F39) | G40: =IF(G38="","",G38+G39) | H40: =IF(H38="","",H38+H39) | I40: =IF(COUNT(D40:H40)=0,"",SUM(D40:H40)) -> 1.1132452
B41: Tube side volume – from water weight | C41: m³ | D41: =IF(ISNUMBER(D27),D27*INDEX(WtF,MATCH($C$27,WtU,0))/WaterRho,"") | E41: =IF(ISNUMBER(E27),E27*INDEX(WtF,MATCH($C$27,WtU,0))/WaterRho,"") | F41: =IF(ISNUMBER(F27),F27*INDEX(WtF,MATCH($C$27,WtU,0))/WaterRho,"") | G41: =IF(ISNUMBER(G27),G27*INDEX(WtF,MATCH($C$27,WtU,0))/WaterRho,"") | H41: =IF(ISNUMBER(H27),H27*INDEX(WtF,MATCH($C$27,WtU,0))/WaterRho,"") | I41: =IF(COUNT(D41:H41)=0,"",SUM(D41:H41))
B42: TUBE SIDE VOLUME (selected basis) | C42: m³ | D42: =IF(D34="Water weight",D41,D40) -> 1.1132452 | E42: =IF(E34="Water weight",E41,E40) | F42: =IF(F34="Water weight",F41,F40) | G42: =IF(G34="Water weight",G41,G40) | H42: =IF(H34="Water weight",H41,H40) | I42: =IF(COUNT(D42:H42)=0,"",SUM(D42:H42)) -> 1.1132452 | K42: HX_TS
B43: Shell cross-section area used | C43: m² | D43: =IF(ISNUMBER(D29),PI()/4*(D29*INDEX(LenF,MATCH($C$29,LenU,0)))^2,IF(AND(ISNUMBER(D14),ISNUMBER(D18),D19<>""),D14*(D18*INDEX(LenF,MATCH($C$18,LenU,0)))^2*INDEX(LayoutF,MATCH(D19,LayoutU,0)),"")) -> 0.50265482 | E43: =IF(ISNUMBER(E29),PI()/4*(E29*INDEX(LenF,MATCH($C$29,LenU,0)))^2,IF(AND(ISNUMBER(E14),ISNUMBER(E18),E19<>""),E14*(E18*INDEX(LenF,MATCH($C$18,LenU,0)))^2*INDEX(LayoutF,MATCH(E19,LayoutU,0)),"")) | F43: =IF(ISNUMBER(F29),PI()/4*(F29*INDEX(LenF,MATCH($C$29,LenU,0)))^2,IF(AND(ISNUMBER(F14),ISNUMBER(F18),F19<>""),F14*(F18*INDEX(LenF,MATCH($C$18,LenU,0)))^2*INDEX(LayoutF,MATCH(F19,LayoutU,0)),"")) | G43: =IF(ISNUMBER(G29),PI()/4*(G29*INDEX(LenF,MATCH($C$29,LenU,0)))^2,IF(AND(ISNUMBER(G14),ISNUMBER(G18),G19<>""),G14*(G18*INDEX(LenF,MATCH($C$18,LenU,0)))^2*INDEX(LayoutF,MATCH(G19,LayoutU,0)),"")) | H43: =IF(ISNUMBER(H29),PI()/4*(H29*INDEX(LenF,MATCH($C$29,LenU,0)))^2,IF(AND(ISNUMBER(H14),ISNUMBER(H18),H19<>""),H14*(H18*INDEX(LenF,MATCH($C$18,LenU,0)))^2*INDEX(LayoutF,MATCH(H19,LayoutU,0)),"")) | J43: From shell ID; else no. of tubes × pitch² × layout factor (bundle area estimate)
B44: Shell gross volume (incl. shell cover) | C44: m³ | D44: =IF(OR(D43="",AND(NOT(ISNUMBER(D30)),NOT(ISNUMBER(D17)))),"",D43*IF(ISNUMBER(D30),D30*INDEX(LenF,MATCH($C$30,LenU,0)),D17*INDEX(LenF,MATCH($C$17,LenU,0)))+IF(D31="",0,IF(D31="Conical",PI()/12*(SQRT(4*D43/PI()))^2*(0),INDEX(HeadK,MATCH(D31,HeadU,0))*(SQRT(4*D43/PI()))^3))) -> 3.0159289 | E44: =IF(OR(E43="",AND(NOT(ISNUMBER(E30)),NOT(ISNUMBER(E17)))),"",E43*IF(ISNUMBER(E30),E30*INDEX(LenF,MATCH($C$30,LenU,0)),E17*INDEX(LenF,MATCH($C$17,LenU,0)))+IF(E31="",0,IF(E31="Conical",PI()/12*(SQRT(4*E43/PI()))^2*(0),INDEX(HeadK,MATCH(E31,HeadU,0))*(SQRT(4*E43/PI()))^3))) | F44: =IF(OR(F43="",AND(NOT(ISNUMBER(F30)),NOT(ISNUMBER(F17)))),"",F43*IF(ISNUMBER(F30),F30*INDEX(LenF,MATCH($C$30,LenU,0)),F17*INDEX(LenF,MATCH($C$17,LenU,0)))+IF(F31="",0,IF(F31="Conical",PI()/12*(SQRT(4*F43/PI()))^2*(0),INDEX(HeadK,MATCH(F31,HeadU,0))*(SQRT(4*F43/PI()))^3))) | G44: =IF(OR(G43="",AND(NOT(ISNUMBER(G30)),NOT(ISNUMBER(G17)))),"",G43*IF(ISNUMBER(G30),G30*INDEX(LenF,MATCH($C$30,LenU,0)),G17*INDEX(LenF,MATCH($C$17,LenU,0)))+IF(G31="",0,IF(G31="Conical",PI()/12*(SQRT(4*G43/PI()))^2*(0),INDEX(HeadK,MATCH(G31,HeadU,0))*(SQRT(4*G43/PI()))^3))) | H44: =IF(OR(H43="",AND(NOT(ISNUMBER(H30)),NOT(ISNUMBER(H17)))),"",H43*IF(ISNUMBER(H30),H30*INDEX(LenF,MATCH($C$30,LenU,0)),H17*INDEX(LenF,MATCH($C$17,LenU,0)))+IF(H31="",0,IF(H31="Conical",PI()/12*(SQRT(4*H43/PI()))^2*(0),INDEX(HeadK,MATCH(H31,HeadU,0))*(SQRT(4*H43/PI()))^3))) | I44: =IF(COUNT(D44:H44)=0,"",SUM(D44:H44)) -> 3.0159289
B45: Tube bundle displacement (N × π/4 × OD² × L) | C45: m³ | D45: =IF(AND(ISNUMBER(D14),ISNUMBER(D37),ISNUMBER(D17)),D14*PI()/4*(D37/1000)^2*D17*INDEX(LenF,MATCH($C$17,LenU,0)),"") -> 0.86874997 | E45: =IF(AND(ISNUMBER(E14),ISNUMBER(E37),ISNUMBER(E17)),E14*PI()/4*(E37/1000)^2*E17*INDEX(LenF,MATCH($C$17,LenU,0)),"") | F45: =IF(AND(ISNUMBER(F14),ISNUMBER(F37),ISNUMBER(F17)),F14*PI()/4*(F37/1000)^2*F17*INDEX(LenF,MATCH($C$17,LenU,0)),"") | G45: =IF(AND(ISNUMBER(G14),ISNUMBER(G37),ISNUMBER(G17)),G14*PI()/4*(G37/1000)^2*G17*INDEX(LenF,MATCH($C$17,LenU,0)),"") | H45: =IF(AND(ISNUMBER(H14),ISNUMBER(H37),ISNUMBER(H17)),H14*PI()/4*(H37/1000)^2*H17*INDEX(LenF,MATCH($C$17,LenU,0)),"") | I45: =IF(COUNT(D45:H45)=0,"",SUM(D45:H45)) -> 0.86874997
B46: Shell side volume – from dimensions | C46: m³ | D46: =IF(OR(D44="",D45=""),"",D44-D45) -> 2.147179 | E46: =IF(OR(E44="",E45=""),"",E44-E45) | F46: =IF(OR(F44="",F45=""),"",F44-F45) | G46: =IF(OR(G44="",G45=""),"",G44-G45) | H46: =IF(OR(H44="",H45=""),"",H44-H45) | I46: =IF(COUNT(D46:H46)=0,"",SUM(D46:H46)) -> 2.147179 | J46: Negative value = check shell / tube data
B47: Shell side volume – from water weight | C47: m³ | D47: =IF(ISNUMBER(D32),D32*INDEX(WtF,MATCH($C$32,WtU,0))/WaterRho,"") | E47: =IF(ISNUMBER(E32),E32*INDEX(WtF,MATCH($C$32,WtU,0))/WaterRho,"") | F47: =IF(ISNUMBER(F32),F32*INDEX(WtF,MATCH($C$32,WtU,0))/WaterRho,"") | G47: =IF(ISNUMBER(G32),G32*INDEX(WtF,MATCH($C$32,WtU,0))/WaterRho,"") | H47: =IF(ISNUMBER(H32),H32*INDEX(WtF,MATCH($C$32,WtU,0))/WaterRho,"") | I47: =IF(COUNT(D47:H47)=0,"",SUM(D47:H47))
B48: SHELL SIDE VOLUME (selected basis) | C48: m³ | D48: =IF(D35="Water weight",D47,D46) -> 2.147179 | E48: =IF(E35="Water weight",E47,E46) | F48: =IF(F35="Water weight",F47,F46) | G48: =IF(G35="Water weight",G47,G46) | H48: =IF(H35="Water weight",H47,H46) | I48: =IF(COUNT(D48:H48)=0,"",SUM(D48:H48)) -> 2.147179 | K48: HX_SS
B49: EXCHANGER TOTAL VOLUME (tube side + shell side) | C49: m³ | D49: =IF(AND(D42="",D48=""),"",N(D42)+N(D48)) -> 3.2604242 | E49: =IF(AND(E42="",E48=""),"",N(E42)+N(E48)) | F49: =IF(AND(F42="",F48=""),"",N(F42)+N(F48)) | G49: =IF(AND(G42="",G48=""),"",N(G42)+N(G48)) | H49: =IF(AND(H42="",H48=""),"",N(H42)+N(H48)) | I49: =IF(COUNT(D49:H49)=0,"",SUM(D49:H49)) -> 3.2604242 | K49: HX_TOT
B50: % of volume considered | C50: % | D50: =IF(D49="","",IF(JobType="Chemical Cleaning",CC_HX,INDEX(DecFill,MATCH("Exchanger",DecTypeU,0)))) -> 1 | E50: =IF(E49="","",IF(JobType="Chemical Cleaning",CC_HX,INDEX(DecFill,MATCH("Exchanger",DecTypeU,0)))) | F50: =IF(F49="","",IF(JobType="Chemical Cleaning",CC_HX,INDEX(DecFill,MATCH("Exchanger",DecTypeU,0)))) | G50: =IF(G49="","",IF(JobType="Chemical Cleaning",CC_HX,INDEX(DecFill,MATCH("Exchanger",DecTypeU,0)))) | H50: =IF(H49="","",IF(JobType="Chemical Cleaning",CC_HX,INDEX(DecFill,MATCH("Exchanger",DecTypeU,0)))) | J50: From Settings – methodology table
B51: CONSIDERED VOLUME for job | C51: m³ | D51: =IF(OR(D49="",D50=""),"",D49*D50) -> 3.2604242 | E51: =IF(OR(E49="",E50=""),"",E49*E50) | F51: =IF(OR(F49="",F50=""),"",F49*F50) | G51: =IF(OR(G49="",G50=""),"",G49*G50) | H51: =IF(OR(H49="",H50=""),"",H49*H50) | I51: =IF(COUNT(D51:H51)=0,"",SUM(D51:H51)) -> 3.2604242 | K51: HX_CONS
B52: Decontamination chemical required | C52: L | D52: =IF(OR(JobType<>"Decontamination",D51=""),"",D51*INDEX(DecChem,MATCH("Exchanger",DecTypeU,0))*1000) | E52: =IF(OR(JobType<>"Decontamination",E51=""),"",E51*INDEX(DecChem,MATCH("Exchanger",DecTypeU,0))*1000) | F52: =IF(OR(JobType<>"Decontamination",F51=""),"",F51*INDEX(DecChem,MATCH("Exchanger",DecTypeU,0))*1000) | G52: =IF(OR(JobType<>"Decontamination",G51=""),"",G51*INDEX(DecChem,MATCH("Exchanger",DecTypeU,0))*1000) | H52: =IF(OR(JobType<>"Decontamination",H51=""),"",H51*INDEX(DecChem,MATCH("Exchanger",DecTypeU,0))*1000) | I52: =IF(COUNT(D52:H52)=0,"",SUM(D52:H52)) | J52: Decon only. Chemical-cleaning chemicals are calculated per step on the Summary | K52: HX_CHEM
A54: 2 | B54: HEAT EXCHANGER 2
B55: Tag No. | C55: –
B56: Service / description | C56: –
B57: TEMA type (e.g. AES, BEU) – reference | C57: –
B58: TUBE SIDE – from data sheet
B59: Number of tubes (U-tube: no. of tube holes) | C59: nos
B60: Tube OD | C60: mm | J60: Leave blank if not given – estimated from tube pitch ÷ pitch ratio
B61: Tube ID | C61: mm
B62: Tube length (straight length per tube) | C62: mm
B63: Tube pitch | C63: mm | J63: Used when tube OD and/or shell ID are not given
B64: Tube layout | C64: – | D64: Triangular (30°) | E64: Triangular (30°) | F64: Triangular (30°) | G64: Triangular (30°) | H64: Triangular (30°)
B65: Front channel / bonnet ID | C65: mm
B66: Front channel cylindrical length | C66: mm
B67: Front head / cover type | C67: –
B68: Rear channel / bonnet ID (blank for U-tube) | C68: mm
B69: Rear channel cylindrical length | C69: mm
B70: Rear head / cover type | C70: –
B71: Channel / bonnet volume – if given on data sheet | C71: m³ | J71: If filled, overrides the channel dimensions above
B72: Tube side water weight – if given | C72: kg
B73: SHELL SIDE – from data sheet
B74: Shell ID | C74: mm | J74: If blank: area estimated as no. of tubes × pitch² × layout factor
B75: Shell length (tubesheet to tubesheet / cover) | C75: mm | J75: If blank, tube length is used
B76: Shell cover / head type (e.g. U-tube or floating head cover) | C76: –
B77: Shell side water weight – if given | C77: kg
B78: VOLUME BASIS – choose per item
B79: Tube side basis | C79: – | D79: Dimensions | E79: Dimensions | F79: Dimensions | G79: Dimensions | H79: Dimensions
B80: Shell side basis | C80: – | D80: Dimensions | E80: Dimensions | F80: Dimensions | G80: Dimensions | H80: Dimensions
B81: CALCULATION
B82: Tube OD used | C82: mm | D82: =IF(ISNUMBER(D60),D60*INDEX(LenF,MATCH($C$60,LenU,0))*1000,IF(ISNUMBER(D63),D63*INDEX(LenF,MATCH($C$63,LenU,0))/PitchRatio*1000,"")) | E82: =IF(ISNUMBER(E60),E60*INDEX(LenF,MATCH($C$60,LenU,0))*1000,IF(ISNUMBER(E63),E63*INDEX(LenF,MATCH($C$63,LenU,0))/PitchRatio*1000,"")) | F82: =IF(ISNUMBER(F60),F60*INDEX(LenF,MATCH($C$60,LenU,0))*1000,IF(ISNUMBER(F63),F63*INDEX(LenF,MATCH($C$63,LenU,0))/PitchRatio*1000,"")) | G82: =IF(ISNUMBER(G60),G60*INDEX(LenF,MATCH($C$60,LenU,0))*1000,IF(ISNUMBER(G63),G63*INDEX(LenF,MATCH($C$63,LenU,0))/PitchRatio*1000,"")) | H82: =IF(ISNUMBER(H60),H60*INDEX(LenF,MATCH($C$60,LenU,0))*1000,IF(ISNUMBER(H63),H63*INDEX(LenF,MATCH($C$63,LenU,0))/PitchRatio*1000,"")) | J82: Given OD, or pitch ÷ pitch ratio (Settings) when OD is blank
B83: Tubes internal volume (N × π/4 × ID² × L) | C83: m³ | D83: =IF(AND(ISNUMBER(D59),ISNUMBER(D61),ISNUMBER(D62)),D59*PI()/4*(D61*INDEX(LenF,MATCH($C$61,LenU,0)))^2*D62*INDEX(LenF,MATCH($C$62,LenU,0)),"") | E83: =IF(AND(ISNUMBER(E59),ISNUMBER(E61),ISNUMBER(E62)),E59*PI()/4*(E61*INDEX(LenF,MATCH($C$61,LenU,0)))^2*E62*INDEX(LenF,MATCH($C$62,LenU,0)),"") | F83: =IF(AND(ISNUMBER(F59),ISNUMBER(F61),ISNUMBER(F62)),F59*PI()/4*(F61*INDEX(LenF,MATCH($C$61,LenU,0)))^2*F62*INDEX(LenF,MATCH($C$62,LenU,0)),"") | G83: =IF(AND(ISNUMBER(G59),ISNUMBER(G61),ISNUMBER(G62)),G59*PI()/4*(G61*INDEX(LenF,MATCH($C$61,LenU,0)))^2*G62*INDEX(LenF,MATCH($C$62,LenU,0)),"") | H83: =IF(AND(ISNUMBER(H59),ISNUMBER(H61),ISNUMBER(H62)),H59*PI()/4*(H61*INDEX(LenF,MATCH($C$61,LenU,0)))^2*H62*INDEX(LenF,MATCH($C$62,LenU,0)),"") | I83: =IF(COUNT(D83:H83)=0,"",SUM(D83:H83))
B84: Channel / bonnet volume (front + rear) | C84: m³ | D84: =IF(ISNUMBER(D71),D71*INDEX(VolF,MATCH($C$71,VolU,0)),IF(ISNUMBER(D65),PI()/4*(D65*INDEX(LenF,MATCH($C$65,LenU,0)))^2*N(D66)*INDEX(LenF,MATCH($C$66,LenU,0))+IF(D67="",0,IF(D67="Conical",PI()/12*(D65*INDEX(LenF,MATCH($C$65,LenU,0)))^2*(0),INDEX(HeadK,MATCH(D67,HeadU,0))*(D65*INDEX(LenF,MATCH($C$65,LenU,0)))^3)),0)+IF(ISNUMBER(D68),PI()/4*(D68*INDEX(LenF,MATCH($C$68,LenU,0)))^2*N(D69)*INDEX(LenF,MATCH($C$69,LenU,0))+IF(D70="",0,IF(D70="Conical",PI()/12*(D68*INDEX(LenF,MATCH($C$68,LenU,0)))^2*(0),INDEX(HeadK,MATCH(D70,HeadU,0))*(D68*INDEX(LenF,MATCH($C$68,LenU,0)))^3)),0)) -> 0 | E84: =IF(ISNUMBER(E71),E71*INDEX(VolF,MATCH($C$71,VolU,0)),IF(ISNUMBER(E65),PI()/4*(E65*INDEX(LenF,MATCH($C$65,LenU,0)))^2*N(E66)*INDEX(LenF,MATCH($C$66,LenU,0))+IF(E67="",0,IF(E67="Conical",PI()/12*(E65*INDEX(LenF,MATCH($C$65,LenU,0)))^2*(0),INDEX(HeadK,MATCH(E67,HeadU,0))*(E65*INDEX(LenF,MATCH($C$65,LenU,0)))^3)),0)+IF(ISNUMBER(E68),PI()/4*(E68*INDEX(LenF,MATCH($C$68,LenU,0)))^2*N(E69)*INDEX(LenF,MATCH($C$69,LenU,0))+IF(E70="",0,IF(E70="Conical",PI()/12*(E68*INDEX(LenF,MATCH($C$68,LenU,0)))^2*(0),INDEX(HeadK,MATCH(E70,HeadU,0))*(E68*INDEX(LenF,MATCH($C$68,LenU,0)))^3)),0)) -> 0 | F84: =IF(ISNUMBER(F71),F71*INDEX(VolF,MATCH($C$71,VolU,0)),IF(ISNUMBER(F65),PI()/4*(F65*INDEX(LenF,MATCH($C$65,LenU,0)))^2*N(F66)*INDEX(LenF,MATCH($C$66,LenU,0))+IF(F67="",0,IF(F67="Conical",PI()/12*(F65*INDEX(LenF,MATCH($C$65,LenU,0)))^2*(0),INDEX(HeadK,MATCH(F67,HeadU,0))*(F65*INDEX(LenF,MATCH($C$65,LenU,0)))^3)),0)+IF(ISNUMBER(F68),PI()/4*(F68*INDEX(LenF,MATCH($C$68,LenU,0)))^2*N(F69)*INDEX(LenF,MATCH($C$69,LenU,0))+IF(F70="",0,IF(F70="Conical",PI()/12*(F68*INDEX(LenF,MATCH($C$68,LenU,0)))^2*(0),INDEX(HeadK,MATCH(F70,HeadU,0))*(F68*INDEX(LenF,MATCH($C$68,LenU,0)))^3)),0)) -> 0 | G84: =IF(ISNUMBER(G71),G71*INDEX(VolF,MATCH($C$71,VolU,0)),IF(ISNUMBER(G65),PI()/4*(G65*INDEX(LenF,MATCH($C$65,LenU,0)))^2*N(G66)*INDEX(LenF,MATCH($C$66,LenU,0))+IF(G67="",0,IF(G67="Conical",PI()/12*(G65*INDEX(LenF,MATCH($C$65,LenU,0)))^2*(0),INDEX(HeadK,MATCH(G67,HeadU,0))*(G65*INDEX(LenF,MATCH($C$65,LenU,0)))^3)),0)+IF(ISNUMBER(G68),PI()/4*(G68*INDEX(LenF,MATCH($C$68,LenU,0)))^2*N(G69)*INDEX(LenF,MATCH($C$69,LenU,0))+IF(G70="",0,IF(G70="Conical",PI()/12*(G68*INDEX(LenF,MATCH($C$68,LenU,0)))^2*(0),INDEX(HeadK,MATCH(G70,HeadU,0))*(G68*INDEX(LenF,MATCH($C$68,LenU,0)))^3)),0)) -> 0 | H84: =IF(ISNUMBER(H71),H71*INDEX(VolF,MATCH($C$71,VolU,0)),IF(ISNUMBER(H65),PI()/4*(H65*INDEX(LenF,MATCH($C$65,LenU,0)))^2*N(H66)*INDEX(LenF,MATCH($C$66,LenU,0))+IF(H67="",0,IF(H67="Conical",PI()/12*(H65*INDEX(LenF,MATCH($C$65,LenU,0)))^2*(0),INDEX(HeadK,MATCH(H67,HeadU,0))*(H65*INDEX(LenF,MATCH($C$65,LenU,0)))^3)),0)+IF(ISNUMBER(H68),PI()/4*(H68*INDEX(LenF,MATCH($C$68,LenU,0)))^2*N(H69)*INDEX(LenF,MATCH($C$69,LenU,0))+IF(H70="",0,IF(H70="Conical",PI()/12*(H68*INDEX(LenF,MATCH($C$68,LenU,0)))^2*(0),INDEX(HeadK,MATCH(H70,HeadU,0))*(H68*INDEX(LenF,MATCH($C$68,LenU,0)))^3)),0)) -> 0 | I84: =IF(COUNT(D84:H84)=0,"",SUM(D84:H84)) -> 0 | J84: Given volume, else cylinder + head for front and rear
B85: Tube side volume – from dimensions | C85: m³ | D85: =IF(D83="","",D83+D84) | E85: =IF(E83="","",E83+E84) | F85: =IF(F83="","",F83+F84) | G85: =IF(G83="","",G83+G84) | H85: =IF(H83="","",H83+H84) | I85: =IF(COUNT(D85:H85)=0,"",SUM(D85:H85))
B86: Tube side volume – from water weight | C86: m³ | D86: =IF(ISNUMBER(D72),D72*INDEX(WtF,MATCH($C$72,WtU,0))/WaterRho,"") | E86: =IF(ISNUMBER(E72),E72*INDEX(WtF,MATCH($C$72,WtU,0))/WaterRho,"") | F86: =IF(ISNUMBER(F72),F72*INDEX(WtF,MATCH($C$72,WtU,0))/WaterRho,"") | G86: =IF(ISNUMBER(G72),G72*INDEX(WtF,MATCH($C$72,WtU,0))/WaterRho,"") | H86: =IF(ISNUMBER(H72),H72*INDEX(WtF,MATCH($C$72,WtU,0))/WaterRho,"") | I86: =IF(COUNT(D86:H86)=0,"",SUM(D86:H86))
B87: TUBE SIDE VOLUME (selected basis) | C87: m³ | D87: =IF(D79="Water weight",D86,D85) | E87: =IF(E79="Water weight",E86,E85) | F87: =IF(F79="Water weight",F86,F85) | G87: =IF(G79="Water weight",G86,G85) | H87: =IF(H79="Water weight",H86,H85) | I87: =IF(COUNT(D87:H87)=0,"",SUM(D87:H87)) | K87: HX_TS
B88: Shell cross-section area used | C88: m² | D88: =IF(ISNUMBER(D74),PI()/4*(D74*INDEX(LenF,MATCH($C$74,LenU,0)))^2,IF(AND(ISNUMBER(D59),ISNUMBER(D63),D64<>""),D59*(D63*INDEX(LenF,MATCH($C$63,LenU,0)))^2*INDEX(LayoutF,MATCH(D64,LayoutU,0)),"")) | E88: =IF(ISNUMBER(E74),PI()/4*(E74*INDEX(LenF,MATCH($C$74,LenU,0)))^2,IF(AND(ISNUMBER(E59),ISNUMBER(E63),E64<>""),E59*(E63*INDEX(LenF,MATCH($C$63,LenU,0)))^2*INDEX(LayoutF,MATCH(E64,LayoutU,0)),"")) | F88: =IF(ISNUMBER(F74),PI()/4*(F74*INDEX(LenF,MATCH($C$74,LenU,0)))^2,IF(AND(ISNUMBER(F59),ISNUMBER(F63),F64<>""),F59*(F63*INDEX(LenF,MATCH($C$63,LenU,0)))^2*INDEX(LayoutF,MATCH(F64,LayoutU,0)),"")) | G88: =IF(ISNUMBER(G74),PI()/4*(G74*INDEX(LenF,MATCH($C$74,LenU,0)))^2,IF(AND(ISNUMBER(G59),ISNUMBER(G63),G64<>""),G59*(G63*INDEX(LenF,MATCH($C$63,LenU,0)))^2*INDEX(LayoutF,MATCH(G64,LayoutU,0)),"")) | H88: =IF(ISNUMBER(H74),PI()/4*(H74*INDEX(LenF,MATCH($C$74,LenU,0)))^2,IF(AND(ISNUMBER(H59),ISNUMBER(H63),H64<>""),H59*(H63*INDEX(LenF,MATCH($C$63,LenU,0)))^2*INDEX(LayoutF,MATCH(H64,LayoutU,0)),"")) | J88: From shell ID; else no. of tubes × pitch² × layout factor (bundle area estimate)
B89: Shell gross volume (incl. shell cover) | C89: m³ | D89: =IF(OR(D88="",AND(NOT(ISNUMBER(D75)),NOT(ISNUMBER(D62)))),"",D88*IF(ISNUMBER(D75),D75*INDEX(LenF,MATCH($C$75,LenU,0)),D62*INDEX(LenF,MATCH($C$62,LenU,0)))+IF(D76="",0,IF(D76="Conical",PI()/12*(SQRT(4*D88/PI()))^2*(0),INDEX(HeadK,MATCH(D76,HeadU,0))*(SQRT(4*D88/PI()))^3))) | E89: =IF(OR(E88="",AND(NOT(ISNUMBER(E75)),NOT(ISNUMBER(E62)))),"",E88*IF(ISNUMBER(E75),E75*INDEX(LenF,MATCH($C$75,LenU,0)),E62*INDEX(LenF,MATCH($C$62,LenU,0)))+IF(E76="",0,IF(E76="Conical",PI()/12*(SQRT(4*E88/PI()))^2*(0),INDEX(HeadK,MATCH(E76,HeadU,0))*(SQRT(4*E88/PI()))^3))) | F89: =IF(OR(F88="",AND(NOT(ISNUMBER(F75)),NOT(ISNUMBER(F62)))),"",F88*IF(ISNUMBER(F75),F75*INDEX(LenF,MATCH($C$75,LenU,0)),F62*INDEX(LenF,MATCH($C$62,LenU,0)))+IF(F76="",0,IF(F76="Conical",PI()/12*(SQRT(4*F88/PI()))^2*(0),INDEX(HeadK,MATCH(F76,HeadU,0))*(SQRT(4*F88/PI()))^3))) | G89: =IF(OR(G88="",AND(NOT(ISNUMBER(G75)),NOT(ISNUMBER(G62)))),"",G88*IF(ISNUMBER(G75),G75*INDEX(LenF,MATCH($C$75,LenU,0)),G62*INDEX(LenF,MATCH($C$62,LenU,0)))+IF(G76="",0,IF(G76="Conical",PI()/12*(SQRT(4*G88/PI()))^2*(0),INDEX(HeadK,MATCH(G76,HeadU,0))*(SQRT(4*G88/PI()))^3))) | H89: =IF(OR(H88="",AND(NOT(ISNUMBER(H75)),NOT(ISNUMBER(H62)))),"",H88*IF(ISNUMBER(H75),H75*INDEX(LenF,MATCH($C$75,LenU,0)),H62*INDEX(LenF,MATCH($C$62,LenU,0)))+IF(H76="",0,IF(H76="Conical",PI()/12*(SQRT(4*H88/PI()))^2*(0),INDEX(HeadK,MATCH(H76,HeadU,0))*(SQRT(4*H88/PI()))^3))) | I89: =IF(COUNT(D89:H89)=0,"",SUM(D89:H89))
B90: Tube bundle displacement (N × π/4 × OD² × L) | C90: m³ | D90: =IF(AND(ISNUMBER(D59),ISNUMBER(D82),ISNUMBER(D62)),D59*PI()/4*(D82/1000)^2*D62*INDEX(LenF,MATCH($C$62,LenU,0)),"") | E90: =IF(AND(ISNUMBER(E59),ISNUMBER(E82),ISNUMBER(E62)),E59*PI()/4*(E82/1000)^2*E62*INDEX(LenF,MATCH($C$62,LenU,0)),"") | F90: =IF(AND(ISNUMBER(F59),ISNUMBER(F82),ISNUMBER(F62)),F59*PI()/4*(F82/1000)^2*F62*INDEX(LenF,MATCH($C$62,LenU,0)),"") | G90: =IF(AND(ISNUMBER(G59),ISNUMBER(G82),ISNUMBER(G62)),G59*PI()/4*(G82/1000)^2*G62*INDEX(LenF,MATCH($C$62,LenU,0)),"") | H90: =IF(AND(ISNUMBER(H59),ISNUMBER(H82),ISNUMBER(H62)),H59*PI()/4*(H82/1000)^2*H62*INDEX(LenF,MATCH($C$62,LenU,0)),"") | I90: =IF(COUNT(D90:H90)=0,"",SUM(D90:H90))
B91: Shell side volume – from dimensions | C91: m³ | D91: =IF(OR(D89="",D90=""),"",D89-D90) | E91: =IF(OR(E89="",E90=""),"",E89-E90) | F91: =IF(OR(F89="",F90=""),"",F89-F90) | G91: =IF(OR(G89="",G90=""),"",G89-G90) | H91: =IF(OR(H89="",H90=""),"",H89-H90) | I91: =IF(COUNT(D91:H91)=0,"",SUM(D91:H91)) | J91: Negative value = check shell / tube data
B92: Shell side volume – from water weight | C92: m³ | D92: =IF(ISNUMBER(D77),D77*INDEX(WtF,MATCH($C$77,WtU,0))/WaterRho,"") | E92: =IF(ISNUMBER(E77),E77*INDEX(WtF,MATCH($C$77,WtU,0))/WaterRho,"") | F92: =IF(ISNUMBER(F77),F77*INDEX(WtF,MATCH($C$77,WtU,0))/WaterRho,"") | G92: =IF(ISNUMBER(G77),G77*INDEX(WtF,MATCH($C$77,WtU,0))/WaterRho,"") | H92: =IF(ISNUMBER(H77),H77*INDEX(WtF,MATCH($C$77,WtU,0))/WaterRho,"") | I92: =IF(COUNT(D92:H92)=0,"",SUM(D92:H92))
B93: SHELL SIDE VOLUME (selected basis) | C93: m³ | D93: =IF(D80="Water weight",D92,D91) | E93: =IF(E80="Water weight",E92,E91) | F93: =IF(F80="Water weight",F92,F91) | G93: =IF(G80="Water weight",G92,G91) | H93: =IF(H80="Water weight",H92,H91) | I93: =IF(COUNT(D93:H93)=0,"",SUM(D93:H93)) | K93: HX_SS
B94: EXCHANGER TOTAL VOLUME (tube side + shell side) | C94: m³ | D94: =IF(AND(D87="",D93=""),"",N(D87)+N(D93)) | E94: =IF(AND(E87="",E93=""),"",N(E87)+N(E93)) | F94: =IF(AND(F87="",F93=""),"",N(F87)+N(F93)) | G94: =IF(AND(G87="",G93=""),"",N(G87)+N(G93)) | H94: =IF(AND(H87="",H93=""),"",N(H87)+N(H93)) | I94: =IF(COUNT(D94:H94)=0,"",SUM(D94:H94)) | K94: HX_TOT
B95: % of volume considered | C95: % | D95: =IF(D94="","",IF(JobType="Chemical Cleaning",CC_HX,INDEX(DecFill,MATCH("Exchanger",DecTypeU,0)))) | E95: =IF(E94="","",IF(JobType="Chemical Cleaning",CC_HX,INDEX(DecFill,MATCH("Exchanger",DecTypeU,0)))) | F95: =IF(F94="","",IF(JobType="Chemical Cleaning",CC_HX,INDEX(DecFill,MATCH("Exchanger",DecTypeU,0)))) | G95: =IF(G94="","",IF(JobType="Chemical Cleaning",CC_HX,INDEX(DecFill,MATCH("Exchanger",DecTypeU,0)))) | H95: =IF(H94="","",IF(JobType="Chemical Cleaning",CC_HX,INDEX(DecFill,MATCH("Exchanger",DecTypeU,0)))) | J95: From Settings – methodology table
B96: CONSIDERED VOLUME for job | C96: m³ | D96: =IF(OR(D94="",D95=""),"",D94*D95) | E96: =IF(OR(E94="",E95=""),"",E94*E95) | F96: =IF(OR(F94="",F95=""),"",F94*F95) | G96: =IF(OR(G94="",G95=""),"",G94*G95) | H96: =IF(OR(H94="",H95=""),"",H94*H95) | I96: =IF(COUNT(D96:H96)=0,"",SUM(D96:H96)) | K96: HX_CONS
B97: Decontamination chemical required | C97: L | D97: =IF(OR(JobType<>"Decontamination",D96=""),"",D96*INDEX(DecChem,MATCH("Exchanger",DecTypeU,0))*1000) | E97: =IF(OR(JobType<>"Decontamination",E96=""),"",E96*INDEX(DecChem,MATCH("Exchanger",DecTypeU,0))*1000) | F97: =IF(OR(JobType<>"Decontamination",F96=""),"",F96*INDEX(DecChem,MATCH("Exchanger",DecTypeU,0))*1000) | G97: =IF(OR(JobType<>"Decontamination",G96=""),"",G96*INDEX(DecChem,MATCH("Exchanger",DecTypeU,0))*1000) | H97: =IF(OR(JobType<>"Decontamination",H96=""),"",H96*INDEX(DecChem,MATCH("Exchanger",DecTypeU,0))*1000) | I97: =IF(COUNT(D97:H97)=0,"",SUM(D97:H97)) | J97: Decon only. Chemical-cleaning chemicals are calculated per step on the Summary | K97: HX_CHEM
A99: 3 | B99: HEAT EXCHANGER 3
B100: Tag No. | C100: –
B101: Service / description | C101: –
B102: TEMA type (e.g. AES, BEU) – reference | C102: –
B103: TUBE SIDE – from data sheet
B104: Number of tubes (U-tube: no. of tube holes) | C104: nos
...

Sheet Summary
B1: ="VOLUME & CHEMICAL SUMMARY – "&UPPER(JobType) -> VOLUME & CHEMICAL SUMMARY – CHEMICAL CLEANING
B2: ="Client: "&ProjClient&" · Plant: "&ProjPlant&" · Proposal: "&ProjNo -> Client: · Plant: · Proposal:
B3: =IF(COUNTIF('Volume Calculation'!D10:H10,"EXAMPLE*")+COUNTIF('Volume Calculation'!D912:H912,"EXAMPLE*")+COUNTIF('Volume Calculation'!D1454:H1454,"EXAMPLE*")>0,"⚠ Example data is still present (Tag starting with EXAMPLE) – delete it before issuing the proposal.","") -> ⚠ Example data is still present (Tag starting with EXAMPLE) – delete it before issuing the proposal.
B5: 1. EQUIPMENT VOLUMES (full volume, selected basis)
B6: Item | C6: Unit | D6: =TrainName1 -> Train 1 | E6: =TrainName2 -> Train 2 | F6: =TrainName3 -> Train 3 | G6: =TrainName4 -> Train 4 | H6: =TrainName5 -> Train 5 | I6: Total
B7: Heat exchangers – tube side | C7: m³ | D7: =SUMIFS('Volume Calculation'!D:D,'Volume Calculation'!$K:$K,"HX_TS") -> 1.1132452 | E7: =SUMIFS('Volume Calculation'!E:E,'Volume Calculation'!$K:$K,"HX_TS") -> 0 | F7: =SUMIFS('Volume Calculation'!F:F,'Volume Calculation'!$K:$K,"HX_TS") -> 0 | G7: =SUMIFS('Volume Calculation'!G:G,'Volume Calculation'!$K:$K,"HX_TS") -> 0 | H7: =SUMIFS('Volume Calculation'!H:H,'Volume Calculation'!$K:$K,"HX_TS") -> 0 | I7: =SUM(D7:H7) -> 1.1132452
B8: Heat exchangers – shell side | C8: m³ | D8: =SUMIFS('Volume Calculation'!D:D,'Volume Calculation'!$K:$K,"HX_SS") -> 2.147179 | E8: =SUMIFS('Volume Calculation'!E:E,'Volume Calculation'!$K:$K,"HX_SS") -> 0 | F8: =SUMIFS('Volume Calculation'!F:F,'Volume Calculation'!$K:$K,"HX_SS") -> 0 | G8: =SUMIFS('Volume Calculation'!G:G,'Volume Calculation'!$K:$K,"HX_SS") -> 0 | H8: =SUMIFS('Volume Calculation'!H:H,'Volume Calculation'!$K:$K,"HX_SS") -> 0 | I8: =SUM(D8:H8) -> 2.147179
B9: Vessels – vertical | C9: m³ | D9: =SUMIFS('Volume Calculation'!D:D,'Volume Calculation'!$K:$K,"V_SEL",'Volume Calculation'!$L:$L,"Vessel – Vertical") -> 20.943951 | E9: =SUMIFS('Volume Calculation'!E:E,'Volume Calculation'!$K:$K,"V_SEL",'Volume Calculation'!$M:$M,"Vessel – Vertical") -> 0 | F9: =SUMIFS('Volume Calculation'!F:F,'Volume Calculation'!$K:$K,"V_SEL",'Volume Calculation'!$N:$N,"Vessel – Vertical") -> 0 | G9: =SUMIFS('Volume Calculation'!G:G,'Volume Calculation'!$K:$K,"V_SEL",'Volume Calculation'!$O:$O,"Vessel – Vertical") -> 0 | H9: =SUMIFS('Volume Calculation'!H:H,'Volume Calculation'!$K:$K,"V_SEL",'Volume Calculation'!$P:$P,"Vessel – Vertical") -> 0 | I9: =SUM(D9:H9) -> 20.943951
B10: Vessels – horizontal | C10: m³ | D10: =SUMIFS('Volume Calculation'!D:D,'Volume Calculation'!$K:$K,"V_SEL",'Volume Calculation'!$L:$L,"Vessel – Horizontal") -> 0 | E10: =SUMIFS('Volume Calculation'!E:E,'Volume Calculation'!$K:$K,"V_SEL",'Volume Calculation'!$M:$M,"Vessel – Horizontal") -> 0 | F10: =SUMIFS('Volume Calculation'!F:F,'Volume Calculation'!$K:$K,"V_SEL",'Volume Calculation'!$N:$N,"Vessel – Horizontal") -> 0 | G10: =SUMIFS('Volume Calculation'!G:G,'Volume Calculation'!$K:$K,"V_SEL",'Volume Calculation'!$O:$O,"Vessel – Horizontal") -> 0 | H10: =SUMIFS('Volume Calculation'!H:H,'Volume Calculation'!$K:$K,"V_SEL",'Volume Calculation'!$P:$P,"Vessel – Horizontal") -> 0 | I10: =SUM(D10:H10) -> 0
B11: Columns | C11: m³ | D11: =SUMIFS('Volume Calculation'!D:D,'Volume Calculation'!$K:$K,"V_SEL",'Volume Calculation'!$L:$L,"Column") -> 0 | E11: =SUMIFS('Volume Calculation'!E:E,'Volume Calculation'!$K:$K,"V_SEL",'Volume Calculation'!$M:$M,"Column") -> 0 | F11: =SUMIFS('Volume Calculation'!F:F,'Volume Calculation'!$K:$K,"V_SEL",'Volume Calculation'!$N:$N,"Column") -> 0 | G11: =SUMIFS('Volume Calculation'!G:G,'Volume Calculation'!$K:$K,"V_SEL",'Volume Calculation'!$O:$O,"Column") -> 0 | H11: =SUMIFS('Volume Calculation'!H:H,'Volume Calculation'!$K:$K,"V_SEL",'Volume Calculation'!$P:$P,"Column") -> 0 | I11: =SUM(D11:H11) -> 0
B12: Tanks | C12: m³ | D12: =SUMIFS('Volume Calculation'!D:D,'Volume Calculation'!$K:$K,"V_SEL",'Volume Calculation'!$L:$L,"Tank") -> 0 | E12: =SUMIFS('Volume Calculation'!E:E,'Volume Calculation'!$K:$K,"V_SEL",'Volume Calculation'!$M:$M,"Tank") -> 0 | F12: =SUMIFS('Volume Calculation'!F:F,'Volume Calculation'!$K:$K,"V_SEL",'Volume Calculation'!$N:$N,"Tank") -> 0 | G12: =SUMIFS('Volume Calculation'!G:G,'Volume Calculation'!$K:$K,"V_SEL",'Volume Calculation'!$O:$O,"Tank") -> 0 | H12: =SUMIFS('Volume Calculation'!H:H,'Volume Calculation'!$K:$K,"V_SEL",'Volume Calculation'!$P:$P,"Tank") -> 0 | I12: =SUM(D12:H12) -> 0
B13: Vessels with no equipment type selected | C13: m³ | D13: =SUMIFS('Volume Calculation'!D:D,'Volume Calculation'!$K:$K,"V_SEL")-SUM(D9,D10,D11,D12) -> 0 | E13: =SUMIFS('Volume Calculation'!E:E,'Volume Calculation'!$K:$K,"V_SEL")-SUM(E9,E10,E11,E12) -> 0 | F13: =SUMIFS('Volume Calculation'!F:F,'Volume Calculation'!$K:$K,"V_SEL")-SUM(F9,F10,F11,F12) -> 0 | G13: =SUMIFS('Volume Calculation'!G:G,'Volume Calculation'!$K:$K,"V_SEL")-SUM(G9,G10,G11,G12) -> 0 | H13: =SUMIFS('Volume Calculation'!H:H,'Volume Calculation'!$K:$K,"V_SEL")-SUM(H9,H10,H11,H12) -> 0 | I13: =SUM(D13:H13) -> 0
B14: Piping | C14: m³ | D14: =SUMIFS('Volume Calculation'!D:D,'Volume Calculation'!$K:$K,"P_VOL") -> 2.2375032 | E14: =SUMIFS('Volume Calculation'!E:E,'Volume Calculation'!$K:$K,"P_VOL") -> 0 | F14: =SUMIFS('Volume Calculation'!F:F,'Volume Calculation'!$K:$K,"P_VOL") -> 0 | G14: =SUMIFS('Volume Calculation'!G:G,'Volume Calculation'!$K:$K,"P_VOL") -> 0 | H14: =SUMIFS('Volume Calculation'!H:H,'Volume Calculation'!$K:$K,"P_VOL") -> 0 | I14: =SUM(D14:H14) -> 2.2375032
B15: TOTAL SYSTEM VOLUME | C15: m³ | D15: =SUM(D7:D14) -> 26.441878 | E15: =SUM(E7:E14) -> 0 | F15: =SUM(F7:F14) -> 0 | G15: =SUM(G7:G14) -> 0 | H15: =SUM(H7:H14) -> 0 | I15: =SUM(D15:H15) -> 26.441878
B16: TOTAL SYSTEM VOLUME | C16: L | D16: =D15*1000 -> 26441.878 | E16: =E15*1000 -> 0 | F16: =F15*1000 -> 0 | G16: =G15*1000 -> 0 | H16: =H15*1000 -> 0 | I16: =SUM(D16:H16) -> 26441.878
B17: TOTAL SYSTEM VOLUME | C17: US gal | D17: =D15/0.003785411784 -> 6985.2053 | E17: =E15/0.003785411784 -> 0 | F17: =F15/0.003785411784 -> 0 | G17: =G15/0.003785411784 -> 0 | H17: =H15/0.003785411784 -> 0 | I17: =SUM(D17:H17) -> 6985.2053
B19: 2. CONSIDERED VOLUME FOR THE SELECTED JOB TYPE (% per Settings / per-item method)
B20: Item | C20: Unit | D20: =TrainName1 -> Train 1 | E20: =TrainName2 -> Train 2 | F20: =TrainName3 -> Train 3 | G20: =TrainName4 -> Train 4 | H20: =TrainName5 -> Train 5 | I20: Total
B21: Heat exchangers (tube + shell side) | C21: m³ | D21: =SUMIFS('Volume Calculation'!D:D,'Volume Calculation'!$K:$K,"HX_CONS") -> 3.2604242 | E21: =SUMIFS('Volume Calculation'!E:E,'Volume Calculation'!$K:$K,"HX_CONS") -> 0 | F21: =SUMIFS('Volume Calculation'!F:F,'Volume Calculation'!$K:$K,"HX_CONS") -> 0 | G21: =SUMIFS('Volume Calculation'!G:G,'Volume Calculation'!$K:$K,"HX_CONS") -> 0 | H21: =SUMIFS('Volume Calculation'!H:H,'Volume Calculation'!$K:$K,"HX_CONS") -> 0 | I21: =SUM(D21:H21) -> 3.2604242
B22: Vessels – vertical | C22: m³ | D22: =SUMIFS('Volume Calculation'!D:D,'Volume Calculation'!$K:$K,"V_CONS",'Volume Calculation'!$L:$L,"Vessel – Vertical") -> 20.943951 | E22: =SUMIFS('Volume Calculation'!E:E,'Volume Calculation'!$K:$K,"V_CONS",'Volume Calculation'!$M:$M,"Vessel – Vertical") -> 0 | F22: =SUMIFS('Volume Calculation'!F:F,'Volume Calculation'!$K:$K,"V_CONS",'Volume Calculation'!$N:$N,"Vessel – Vertical") -> 0 | G22: =SUMIFS('Volume Calculation'!G:G,'Volume Calculation'!$K:$K,"V_CONS",'Volume Calculation'!$O:$O,"Vessel – Vertical") -> 0 | H22: =SUMIFS('Volume Calculation'!H:H,'Volume Calculation'!$K:$K,"V_CONS",'Volume Calculation'!$P:$P,"Vessel – Vertical") -> 0 | I22: =SUM(D22:H22) -> 20.943951
B23: Vessels – horizontal | C23: m³ | D23: =SUMIFS('Volume Calculation'!D:D,'Volume Calculation'!$K:$K,"V_CONS",'Volume Calculation'!$L:$L,"Vessel – Horizontal") -> 0 | E23: =SUMIFS('Volume Calculation'!E:E,'Volume Calculation'!$K:$K,"V_CONS",'Volume Calculation'!$M:$M,"Vessel – Horizontal") -> 0 | F23: =SUMIFS('Volume Calculation'!F:F,'Volume Calculation'!$K:$K,"V_CONS",'Volume Calculation'!$N:$N,"Vessel – Horizontal") -> 0 | G23: =SUMIFS('Volume Calculation'!G:G,'Volume Calculation'!$K:$K,"V_CONS",'Volume Calculation'!$O:$O,"Vessel – Horizontal") -> 0 | H23: =SUMIFS('Volume Calculation'!H:H,'Volume Calculation'!$K:$K,"V_CONS",'Volume Calculation'!$P:$P,"Vessel – Horizontal") -> 0 | I23: =SUM(D23:H23) -> 0
B24: Columns | C24: m³ | D24: =SUMIFS('Volume Calculation'!D:D,'Volume Calculation'!$K:$K,"V_CONS",'Volume Calculation'!$L:$L,"Column") -> 0 | E24: =SUMIFS('Volume Calculation'!E:E,'Volume Calculation'!$K:$K,"V_CONS",'Volume Calculation'!$M:$M,"Column") -> 0 | F24: =SUMIFS('Volume Calculation'!F:F,'Volume Calculation'!$K:$K,"V_CONS",'Volume Calculation'!$N:$N,"Column") -> 0 | G24: =SUMIFS('Volume Calculation'!G:G,'Volume Calculation'!$K:$K,"V_CONS",'Volume Calculation'!$O:$O,"Column") -> 0 | H24: =SUMIFS('Volume Calculation'!H:H,'Volume Calculation'!$K:$K,"V_CONS",'Volume Calculation'!$P:$P,"Column") -> 0 | I24: =SUM(D24:H24) -> 0
B25: Tanks | C25: m³ | D25: =SUMIFS('Volume Calculation'!D:D,'Volume Calculation'!$K:$K,"V_CONS",'Volume Calculation'!$L:$L,"Tank") -> 0 | E25: =SUMIFS('Volume Calculation'!E:E,'Volume Calculation'!$K:$K,"V_CONS",'Volume Calculation'!$M:$M,"Tank") -> 0 | F25: =SUMIFS('Volume Calculation'!F:F,'Volume Calculation'!$K:$K,"V_CONS",'Volume Calculation'!$N:$N,"Tank") -> 0 | G25: =SUMIFS('Volume Calculation'!G:G,'Volume Calculation'!$K:$K,"V_CONS",'Volume Calculation'!$O:$O,"Tank") -> 0 | H25: =SUMIFS('Volume Calculation'!H:H,'Volume Calculation'!$K:$K,"V_CONS",'Volume Calculation'!$P:$P,"Tank") -> 0 | I25: =SUM(D25:H25) -> 0
B26: Vessels with no equipment type selected | C26: m³ | D26: =SUMIFS('Volume Calculation'!D:D,'Volume Calculation'!$K:$K,"V_CONS")-SUM(D22,D23,D24,D25) -> 0 | E26: =SUMIFS('Volume Calculation'!E:E,'Volume Calculation'!$K:$K,"V_CONS")-SUM(E22,E23,E24,E25) -> 0 | F26: =SUMIFS('Volume Calculation'!F:F,'Volume Calculation'!$K:$K,"V_CONS")-SUM(F22,F23,F24,F25) -> 0 | G26: =SUMIFS('Volume Calculation'!G:G,'Volume Calculation'!$K:$K,"V_CONS")-SUM(G22,G23,G24,G25) -> 0 | H26: =SUMIFS('Volume Calculation'!H:H,'Volume Calculation'!$K:$K,"V_CONS")-SUM(H22,H23,H24,H25) -> 0 | I26: =SUM(D26:H26) -> 0
B27: Piping | C27: m³ | D27: =SUMIFS('Volume Calculation'!D:D,'Volume Calculation'!$K:$K,"P_CONS") -> 2.2375032 | E27: =SUMIFS('Volume Calculation'!E:E,'Volume Calculation'!$K:$K,"P_CONS") -> 0 | F27: =SUMIFS('Volume Calculation'!F:F,'Volume Calculation'!$K:$K,"P_CONS") -> 0 | G27: =SUMIFS('Volume Calculation'!G:G,'Volume Calculation'!$K:$K,"P_CONS") -> 0 | H27: =SUMIFS('Volume Calculation'!H:H,'Volume Calculation'!$K:$K,"P_CONS") -> 0 | I27: =SUM(D27:H27) -> 2.2375032
B28: TOTAL CONSIDERED VOLUME (water / solution) | C28: m³ | D28: =SUM(D21:D27) -> 26.441878 | E28: =SUM(E21:E27) -> 0 | F28: =SUM(F21:F27) -> 0 | G28: =SUM(G21:G27) -> 0 | H28: =SUM(H21:H27) -> 0 | I28: =SUM(D28:H28) -> 26.441878
B29: TOTAL CONSIDERED VOLUME | C29: L | D29: =D28*1000 -> 26441.878 | E29: =E28*1000 -> 0 | F29: =F28*1000 -> 0 | G29: =G28*1000 -> 0 | H29: =H28*1000 -> 0 | I29: =SUM(D29:H29) -> 26441.878
B31: 3A. CHEMICAL CLEANING – chemical per step (= total considered volume × concentration × fills)
B32: Item | C32: Unit | D32: =TrainName1 -> Train 1 | E32: =TrainName2 -> Train 2 | F32: =TrainName3 -> Train 3 | G32: =TrainName4 -> Train 4 | H32: =TrainName5 -> Train 5 | I32: Total
B33: =IF(JobType<>"Chemical Cleaning","(Not applicable – job type is "&JobType&")","")
B34: =IF(Settings!$B$45="","Step 1 (not used)",Settings!$B$45&" @ "&TEXT(Settings!$C$45,"0.0%")&" × "&N(Settings!$D$45)&" fill(s)") -> EXAMPLE – Alkaline degreasing @ 2.0% × 1 fill(s) | C34: L | D34: =IF(OR(JobType<>"Chemical Cleaning",Settings!$C$45=""),0,D28*1000*Settings!$C$45*IF(N(Settings!$D$45)=0,1,Settings!$D$45)) -> 528.83757 | E34: =IF(OR(JobType<>"Chemical Cleaning",Settings!$C$45=""),0,E28*1000*Settings!$C$45*IF(N(Settings!$D$45)=0,1,Settings!$D$45)) -> 0 | F34: =IF(OR(JobType<>"Chemical Cleaning",Settings!$C$45=""),0,F28*1000*Settings!$C$45*IF(N(Settings!$D$45)=0,1,Settings!$D$45)) -> 0 | G34: =IF(OR(JobType<>"Chemical Cleaning",Settings!$C$45=""),0,G28*1000*Settings!$C$45*IF(N(Settings!$D$45)=0,1,Settings!$D$45)) -> 0 | H34: =IF(OR(JobType<>"Chemical Cleaning",Settings!$C$45=""),0,H28*1000*Settings!$C$45*IF(N(Settings!$D$45)=0,1,Settings!$D$45)) -> 0 | I34: =SUM(D34:H34) -> 528.83757
B35: =IF(Settings!$B$46="","Step 2 (not used)",Settings!$B$46&" @ "&TEXT(Settings!$C$46,"0.0%")&" × "&N(Settings!$D$46)&" fill(s)") -> Step 2 (not used) | C35: L | D35: =IF(OR(JobType<>"Chemical Cleaning",Settings!$C$46=""),0,D28*1000*Settings!$C$46*IF(N(Settings!$D$46)=0,1,Settings!$D$46)) -> 0 | E35: =IF(OR(JobType<>"Chemical Cleaning",Settings!$C$46=""),0,E28*1000*Settings!$C$46*IF(N(Settings!$D$46)=0,1,Settings!$D$46)) -> 0 | F35: =IF(OR(JobType<>"Chemical Cleaning",Settings!$C$46=""),0,F28*1000*Settings!$C$46*IF(N(Settings!$D$46)=0,1,Settings!$D$46)) -> 0 | G35: =IF(OR(JobType<>"Chemical Cleaning",Settings!$C$46=""),0,G28*1000*Settings!$C$46*IF(N(Settings!$D$46)=0,1,Settings!$D$46)) -> 0 | H35: =IF(OR(JobType<>"Chemical Cleaning",Settings!$C$46=""),0,H28*1000*Settings!$C$46*IF(N(Settings!$D$46)=0,1,Settings!$D$46)) -> 0 | I35: =SUM(D35:H35) -> 0
B36: =IF(Settings!$B$47="","Step 3 (not used)",Settings!$B$47&" @ "&TEXT(Settings!$C$47,"0.0%")&" × "&N(Settings!$D$47)&" fill(s)") -> Step 3 (not used) | C36: L | D36: =IF(OR(JobType<>"Chemical Cleaning",Settings!$C$47=""),0,D28*1000*Settings!$C$47*IF(N(Settings!$D$47)=0,1,Settings!$D$47)) -> 0 | E36: =IF(OR(JobType<>"Chemical Cleaning",Settings!$C$47=""),0,E28*1000*Settings!$C$47*IF(N(Settings!$D$47)=0,1,Settings!$D$47)) -> 0 | F36: =IF(OR(JobType<>"Chemical Cleaning",Settings!$C$47=""),0,F28*1000*Settings!$C$47*IF(N(Settings!$D$47)=0,1,Settings!$D$47)) -> 0 | G36: =IF(OR(JobType<>"Chemical Cleaning",Settings!$C$47=""),0,G28*1000*Settings!$C$47*IF(N(Settings!$D$47)=0,1,Settings!$D$47)) -> 0 | H36: =IF(OR(JobType<>"Chemical Cleaning",Settings!$C$47=""),0,H28*1000*Settings!$C$47*IF(N(Settings!$D$47)=0,1,Settings!$D$47)) -> 0 | I36: =SUM(D36:H36) -> 0
B37: =IF(Settings!$B$48="","Step 4 (not used)",Settings!$B$48&" @ "&TEXT(Settings!$C$48,"0.0%")&" × "&N(Settings!$D$48)&" fill(s)") -> Step 4 (not used) | C37: L | D37: =IF(OR(JobType<>"Chemical Cleaning",Settings!$C$48=""),0,D28*1000*Settings!$C$48*IF(N(Settings!$D$48)=0,1,Settings!$D$48)) -> 0 | E37: =IF(OR(JobType<>"Chemical Cleaning",Settings!$C$48=""),0,E28*1000*Settings!$C$48*IF(N(Settings!$D$48)=0,1,Settings!$D$48)) -> 0 | F37: =IF(OR(JobType<>"Chemical Cleaning",Settings!$C$48=""),0,F28*1000*Settings!$C$48*IF(N(Settings!$D$48)=0,1,Settings!$D$48)) -> 0 | G37: =IF(OR(JobType<>"Chemical Cleaning",Settings!$C$48=""),0,G28*1000*Settings!$C$48*IF(N(Settings!$D$48)=0,1,Settings!$D$48)) -> 0 | H37: =IF(OR(JobType<>"Chemical Cleaning",Settings!$C$48=""),0,H28*1000*Settings!$C$48*IF(N(Settings!$D$48)=0,1,Settings!$D$48)) -> 0 | I37: =SUM(D37:H37) -> 0
B38: =IF(Settings!$B$49="","Step 5 (not used)",Settings!$B$49&" @ "&TEXT(Settings!$C$49,"0.0%")&" × "&N(Settings!$D$49)&" fill(s)") -> Step 5 (not used) | C38: L | D38: =IF(OR(JobType<>"Chemical Cleaning",Settings!$C$49=""),0,D28*1000*Settings!$C$49*IF(N(Settings!$D$49)=0,1,Settings!$D$49)) -> 0 | E38: =IF(OR(JobType<>"Chemical Cleaning",Settings!$C$49=""),0,E28*1000*Settings!$C$49*IF(N(Settings!$D$49)=0,1,Settings!$D$49)) -> 0 | F38: =IF(OR(JobType<>"Chemical Cleaning",Settings!$C$49=""),0,F28*1000*Settings!$C$49*IF(N(Settings!$D$49)=0,1,Settings!$D$49)) -> 0 | G38: =IF(OR(JobType<>"Chemical Cleaning",Settings!$C$49=""),0,G28*1000*Settings!$C$49*IF(N(Settings!$D$49)=0,1,Settings!$D$49)) -> 0 | H38: =IF(OR(JobType<>"Chemical Cleaning",Settings!$C$49=""),0,H28*1000*Settings!$C$49*IF(N(Settings!$D$49)=0,1,Settings!$D$49)) -> 0 | I38: =SUM(D38:H38) -> 0
B39: =IF(Settings!$B$50="","Step 6 (not used)",Settings!$B$50&" @ "&TEXT(Settings!$C$50,"0.0%")&" × "&N(Settings!$D$50)&" fill(s)") -> Step 6 (not used) | C39: L | D39: =IF(OR(JobType<>"Chemical Cleaning",Settings!$C$50=""),0,D28*1000*Settings!$C$50*IF(N(Settings!$D$50)=0,1,Settings!$D$50)) -> 0 | E39: =IF(OR(JobType<>"Chemical Cleaning",Settings!$C$50=""),0,E28*1000*Settings!$C$50*IF(N(Settings!$D$50)=0,1,Settings!$D$50)) -> 0 | F39: =IF(OR(JobType<>"Chemical Cleaning",Settings!$C$50=""),0,F28*1000*Settings!$C$50*IF(N(Settings!$D$50)=0,1,Settings!$D$50)) -> 0 | G39: =IF(OR(JobType<>"Chemical Cleaning",Settings!$C$50=""),0,G28*1000*Settings!$C$50*IF(N(Settings!$D$50)=0,1,Settings!$D$50)) -> 0 | H39: =IF(OR(JobType<>"Chemical Cleaning",Settings!$C$50=""),0,H28*1000*Settings!$C$50*IF(N(Settings!$D$50)=0,1,Settings!$D$50)) -> 0 | I39: =SUM(D39:H39) -> 0
B40: =IF(Settings!$B$51="","Step 7 (not used)",Settings!$B$51&" @ "&TEXT(Settings!$C$51,"0.0%")&" × "&N(Settings!$D$51)&" fill(s)") -> Step 7 (not used) | C40: L | D40: =IF(OR(JobType<>"Chemical Cleaning",Settings!$C$51=""),0,D28*1000*Settings!$C$51*IF(N(Settings!$D$51)=0,1,Settings!$D$51)) -> 0 | E40: =IF(OR(JobType<>"Chemical Cleaning",Settings!$C$51=""),0,E28*1000*Settings!$C$51*IF(N(Settings!$D$51)=0,1,Settings!$D$51)) -> 0 | F40: =IF(OR(JobType<>"Chemical Cleaning",Settings!$C$51=""),0,F28*1000*Settings!$C$51*IF(N(Settings!$D$51)=0,1,Settings!$D$51)) -> 0 | G40: =IF(OR(JobType<>"Chemical Cleaning",Settings!$C$51=""),0,G28*1000*Settings!$C$51*IF(N(Settings!$D$51)=0,1,Settings!$D$51)) -> 0 | H40: =IF(OR(JobType<>"Chemical Cleaning",Settings!$C$51=""),0,H28*1000*Settings!$C$51*IF(N(Settings!$D$51)=0,1,Settings!$D$51)) -> 0 | I40: =SUM(D40:H40) -> 0
B41: =IF(Settings!$B$52="","Step 8 (not used)",Settings!$B$52&" @ "&TEXT(Settings!$C$52,"0.0%")&" × "&N(Settings!$D$52)&" fill(s)") -> Step 8 (not used) | C41: L | D41: =IF(OR(JobType<>"Chemical Cleaning",Settings!$C$52=""),0,D28*1000*Settings!$C$52*IF(N(Settings!$D$52)=0,1,Settings!$D$52)) -> 0 | E41: =IF(OR(JobType<>"Chemical Cleaning",Settings!$C$52=""),0,E28*1000*Settings!$C$52*IF(N(Settings!$D$52)=0,1,Settings!$D$52)) -> 0 | F41: =IF(OR(JobType<>"Chemical Cleaning",Settings!$C$52=""),0,F28*1000*Settings!$C$52*IF(N(Settings!$D$52)=0,1,Settings!$D$52)) -> 0 | G41: =IF(OR(JobType<>"Chemical Cleaning",Settings!$C$52=""),0,G28*1000*Settings!$C$52*IF(N(Settings!$D$52)=0,1,Settings!$D$52)) -> 0 | H41: =IF(OR(JobType<>"Chemical Cleaning",Settings!$C$52=""),0,H28*1000*Settings!$C$52*IF(N(Settings!$D$52)=0,1,Settings!$D$52)) -> 0 | I41: =SUM(D41:H41) -> 0
B42: TOTAL CHEMICAL – chemical cleaning | C42: L | D42: =SUM(D34:D41) -> 528.83757 | E42: =SUM(E34:E41) -> 0 | F42: =SUM(F34:F41) -> 0 | G42: =SUM(G34:G41) -> 0 | H42: =SUM(H34:H41) -> 0 | I42: =SUM(D42:H42) -> 528.83757
B44: 3B. DECONTAMINATION – chemical (= considered volume × chemical % per equipment type)
B45: Item | C45: Unit | D45: =TrainName1 -> Train 1 | E45: =TrainName2 -> Train 2 | F45: =TrainName3 -> Train 3 | G45: =TrainName4 -> Train 4 | H45: =TrainName5 -> Train 5 | I45: Total
B46: =IF(JobType<>"Decontamination","(Not applicable – job type is "&JobType&")","") -> (Not applicable – job type is Chemical Cleaning)
B47: Heat exchangers | C47: L | D47: =SUMIFS('Volume Calculation'!D:D,'Volume Calculation'!$K:$K,"HX_CHEM") -> 0 | E47: =SUMIFS('Volume Calculation'!E:E,'Volume Calculation'!$K:$K,"HX_CHEM") -> 0 | F47: =SUMIFS('Volume Calculation'!F:F,'Volume Calculation'!$K:$K,"HX_CHEM") -> 0 | G47: =SUMIFS('Volume Calculation'!G:G,'Volume Calculation'!$K:$K,"HX_CHEM") -> 0 | H47: =SUMIFS('Volume Calculation'!H:H,'Volume Calculation'!$K:$K,"HX_CHEM") -> 0 | I47: =SUM(D47:H47) -> 0
B48: Vessels – vertical | C48: L | D48: =SUMIFS('Volume Calculation'!D:D,'Volume Calculation'!$K:$K,"V_CHEM",'Volume Calculation'!$L:$L,"Vessel – Vertical") -> 0 | E48: =SUMIFS('Volume Calculation'!E:E,'Volume Calculation'!$K:$K,"V_CHEM",'Volume Calculation'!$M:$M,"Vessel – Vertical") -> 0 | F48: =SUMIFS('Volume Calculation'!F:F,'Volume Calculation'!$K:$K,"V_CHEM",'Volume Calculation'!$N:$N,"Vessel – Vertical") -> 0 | G48: =SUMIFS('Volume Calculation'!G:G,'Volume Calculation'!$K:$K,"V_CHEM",'Volume Calculation'!$O:$O,"Vessel – Vertical") -> 0 | H48: =SUMIFS('Volume Calculation'!H:H,'Volume Calculation'!$K:$K,"V_CHEM",'Volume Calculation'!$P:$P,"Vessel – Vertical") -> 0 | I48: =SUM(D48:H48) -> 0
B49: Vessels – horizontal | C49: L | D49: =SUMIFS('Volume Calculation'!D:D,'Volume Calculation'!$K:$K,"V_CHEM",'Volume Calculation'!$L:$L,"Vessel – Horizontal") -> 0 | E49: =SUMIFS('Volume Calculation'!E:E,'Volume Calculation'!$K:$K,"V_CHEM",'Volume Calculation'!$M:$M,"Vessel – Horizontal") -> 0 | F49: =SUMIFS('Volume Calculation'!F:F,'Volume Calculation'!$K:$K,"V_CHEM",'Volume Calculation'!$N:$N,"Vessel – Horizontal") -> 0 | G49: =SUMIFS('Volume Calculation'!G:G,'Volume Calculation'!$K:$K,"V_CHEM",'Volume Calculation'!$O:$O,"Vessel – Horizontal") -> 0 | H49: =SUMIFS('Volume Calculation'!H:H,'Volume Calculation'!$K:$K,"V_CHEM",'Volume Calculation'!$P:$P,"Vessel – Horizontal") -> 0 | I49: =SUM(D49:H49) -> 0
B50: Columns | C50: L | D50: =SUMIFS('Volume Calculation'!D:D,'Volume Calculation'!$K:$K,"V_CHEM",'Volume Calculation'!$L:$L,"Column") -> 0 | E50: =SUMIFS('Volume Calculation'!E:E,'Volume Calculation'!$K:$K,"V_CHEM",'Volume Calculation'!$M:$M,"Column") -> 0 | F50: =SUMIFS('Volume Calculation'!F:F,'Volume Calculation'!$K:$K,"V_CHEM",'Volume Calculation'!$N:$N,"Column") -> 0 | G50: =SUMIFS('Volume Calculation'!G:G,'Volume Calculation'!$K:$K,"V_CHEM",'Volume Calculation'!$O:$O,"Column") -> 0 | H50: =SUMIFS('Volume Calculation'!H:H,'Volume Calculation'!$K:$K,"V_CHEM",'Volume Calculation'!$P:$P,"Column") -> 0 | I50: =SUM(D50:H50) -> 0
B51: Tanks | C51: L | D51: =SUMIFS('Volume Calculation'!D:D,'Volume Calculation'!$K:$K,"V_CHEM",'Volume Calculation'!$L:$L,"Tank") -> 0 | E51: =SUMIFS('Volume Calculation'!E:E,'Volume Calculation'!$K:$K,"V_CHEM",'Volume Calculation'!$M:$M,"Tank") -> 0 | F51: =SUMIFS('Volume Calculation'!F:F,'Volume Calculation'!$K:$K,"V_CHEM",'Volume Calculation'!$N:$N,"Tank") -> 0 | G51: =SUMIFS('Volume Calculation'!G:G,'Volume Calculation'!$K:$K,"V_CHEM",'Volume Calculation'!$O:$O,"Tank") -> 0 | H51: =SUMIFS('Volume Calculation'!H:H,'Volume Calculation'!$K:$K,"V_CHEM",'Volume Calculation'!$P:$P,"Tank") -> 0 | I51: =SUM(D51:H51) -> 0
B52: Piping | C52: L | D52: =SUMIFS('Volume Calculation'!D:D,'Volume Calculation'!$K:$K,"P_CHEM") -> 0 | E52: =SUMIFS('Volume Calculation'!E:E,'Volume Calculation'!$K:$K,"P_CHEM") -> 0 | F52: =SUMIFS('Volume Calculation'!F:F,'Volume Calculation'!$K:$K,"P_CHEM") -> 0 | G52: =SUMIFS('Volume Calculation'!G:G,'Volume Calculation'!$K:$K,"P_CHEM") -> 0 | H52: =SUMIFS('Volume Calculation'!H:H,'Volume Calculation'!$K:$K,"P_CHEM") -> 0 | I52: =SUM(D52:H52) -> 0
B53: TOTAL CHEMICAL – decontamination | C53: L | D53: =SUM(D47:D52) -> 0 | E53: =SUM(E47:E52) -> 0 | F53: =SUM(F47:F52) -> 0 | G53: =SUM(G47:G52) -> 0 | H53: =SUM(H47:H52) -> 0 | I53: =SUM(D53:H53) -> 0
B55: 4. CHEMICAL PACKAGING (selected job type)
B56: Item | C56: Unit | D56: =TrainName1 -> Train 1 | E56: =TrainName2 -> Train 2 | F56: =TrainName3 -> Train 3 | G56: =TrainName4 -> Train 4 | H56: =TrainName5 -> Train 5 | I56: Total
B57: Total chemical required | C57: L | D57: =IF(JobType="Chemical Cleaning",D42,D53) -> 528.83757 | E57: =IF(JobType="Chemical Cleaning",E42,E53) -> 0 | F57: =IF(JobType="Chemical Cleaning",F42,F53) -> 0 | G57: =IF(JobType="Chemical Cleaning",G42,G53) -> 0 | H57: =IF(JobType="Chemical Cleaning",H42,H53) -> 0 | I57: =SUM(D57:H57) -> 528.83757
B58: ="Drums ("&DrumL&" L each) – rounded up per train" -> Drums (200 L each) – rounded up per train | C58: nos | D58: =IF(D57=0,0,ROUNDUP(D57/DrumL,0)) -> 3 | E58: =IF(E57=0,0,ROUNDUP(E57/DrumL,0)) -> 0 | F58: =IF(F57=0,0,ROUNDUP(F57/DrumL,0)) -> 0 | G58: =IF(G57=0,0,ROUNDUP(G57/DrumL,0)) -> 0 | H58: =IF(H57=0,0,ROUNDUP(H57/DrumL,0)) -> 0 | I58: =SUM(D58:H58) -> 3
B59: ="IBCs ("&IBCL&" L each) – rounded up per train" -> IBCs (1000 L each) – rounded up per train | C59: nos | D59: =IF(D57=0,0,ROUNDUP(D57/IBCL,0)) -> 1 | E59: =IF(E57=0,0,ROUNDUP(E57/IBCL,0)) -> 0 | F59: =IF(F57=0,0,ROUNDUP(F57/IBCL,0)) -> 0 | G59: =IF(G57=0,0,ROUNDUP(G57/IBCL,0)) -> 0 | H59: =IF(H57=0,0,ROUNDUP(H57/IBCL,0)) -> 0 | I59: =SUM(D59:H59) -> 1
B61: Notes:
B62: • Volumes per item come from the basis chosen on 'Volume Calculation' (dimensions or water weight).
B63: • Chemical cleaning: exchangers and piping full volume; vessels / columns / tanks per item (Full fill or 20% + gamma jet circulation).
B64: • Decontamination: columns, exchangers, piping – vapour phase, complete volume, 1% chemical; vessels – boil-out 30% water + 2% chemical with steam injection; tanks – gamma-jet circulation (heating up to 80 °C if required) – % per Settings (to confirm).
B65: • Internals, nozzles, hoses and temporary circuit volumes are not included – add allowances separately if required.

Sheet Lookup
A1: Lookup tables used by the template (edit with care)
A3: Length units | D3: Volume units | G3: Weight units | J3: Head types | N3: Tube layout | Q3: Volume basis | S3: Job type
A4: Unit | B4: × to m | D4: Unit | E4: × to m³ | G4: Unit | H4: × to kg | J4: Head type | K4: k (V = k·D³) | L4: Formula | N4: Layout | O4: Area factor (× pitch²) | Q4: Basis | S4: Job type
A5: mm | B5: 0.001 | D5: m³ | E5: 1 | G5: kg | H5: 1 | J5: None / Open | K5: 0 | L5: No head volume | N5: Triangular (30°) | O5: =SQRT(3)/2 -> 0.8660254 | Q5: Dimensions | S5: Chemical Cleaning
A6: cm | B6: 0.01 | D6: L | E6: 0.001 | G6: t | H6: 1000 | J6: Flat | K6: 0 | L6: Flat cover / blind – no extra volume | N6: Rotated triangular (60°) | O6: =SQRT(3)/2 -> 0.8660254 | Q6: Water weight | S6: Decontamination
A7: m | B7: 1 | D7: US gal | E7: 0.0037854118 | G7: lb | H7: 0.45359237 | J7: 2:1 Ellipsoidal | K7: =PI()/24 -> 0.13089969 | L7: V = π/24 × D³ | N7: Square (90°) | O7: 1
A8: in | B8: 0.0254 | D8: Imp gal | E8: 0.00454609 | J8: Hemispherical | K8: =PI()/12 -> 0.26179939 | L8: V = π/12 × D³ | N8: Rotated square (45°) | O8: 1
A9: ft | B9: 0.3048 | D9: bbl | E9: 0.15898729 | J9: Torispherical (F&D) | K9: 0.0809 | L9: ASME flanged & dished, V ≈ 0.0809 × D³
D10: ft³ | E10: 0.028316847 | J10: Conical | K10: 0 | L10: V = π/12 × D² × cone height (enter cone height)
A14: Pipe wall thickness (mm) – ASME B36.10M / B36.19M. Verify against the project piping class; blank = schedule not standard for that size.
A15: NPS | B15: OD (mm) | C15: Sch 5S | D15: Sch 10S | E15: Sch 10 | F15: Sch 20 | G15: Sch 30 | H15: Sch 40 | I15: STD | J15: Sch 40S | K15: Sch 60 | L15: Sch 80 | M15: XS | N15: Sch 80S | O15: Sch 100 | P15: Sch 120 | Q15: Sch 140 | R15: Sch 160 | S15: XXS
A16: 1/2" (DN 15) | B16: 21.3 | C16: 1.65 | D16: 2.11 | H16: 2.77 | I16: 2.77 | J16: 2.77 | L16: 3.73 | M16: 3.73 | N16: 3.73 | R16: 4.78 | S16: 7.47
A17: 3/4" (DN 20) | B17: 26.7 | C17: 1.65 | D17: 2.11 | H17: 2.87 | I17: 2.87 | J17: 2.87 | L17: 3.91 | M17: 3.91 | N17: 3.91 | R17: 5.56 | S17: 7.82
A18: 1" (DN 25) | B18: 33.4 | C18: 1.65 | D18: 2.77 | H18: 3.38 | I18: 3.38 | J18: 3.38 | L18: 4.55 | M18: 4.55 | N18: 4.55 | R18: 6.35 | S18: 9.09
A19: 1-1/4" (DN 32) | B19: 42.2 | C19: 1.65 | D19: 2.77 | H19: 3.56 | I19: 3.56 | J19: 3.56 | L19: 4.85 | M19: 4.85 | N19: 4.85 | R19: 6.35 | S19: 9.7
A20: 1-1/2" (DN 40) | B20: 48.3 | C20: 1.65 | D20: 2.77 | H20: 3.68 | I20: 3.68 | J20: 3.68 | L20: 5.08 | M20: 5.08 | N20: 5.08 | R20: 7.14 | S20: 10.15
A21: 2" (DN 50) | B21: 60.3 | C21: 1.65 | D21: 2.77 | H21: 3.91 | I21: 3.91 | J21: 3.91 | L21: 5.54 | M21: 5.54 | N21: 5.54 | R21: 8.74 | S21: 11.07
A22: 2-1/2" (DN 65) | B22: 73 | C22: 2.11 | D22: 3.05 | H22: 5.16 | I22: 5.16 | J22: 5.16 | L22: 7.01 | M22: 7.01 | N22: 7.01 | R22: 9.53 | S22: 14.02
A23: 3" (DN 80) | B23: 88.9 | C23: 2.11 | D23: 3.05 | H23: 5.49 | I23: 5.49 | J23: 5.49 | L23: 7.62 | M23: 7.62 | N23: 7.62 | R23: 11.13 | S23: 15.24
A24: 4" (DN 100) | B24: 114.3 | C24: 2.11 | D24: 3.05 | H24: 6.02 | I24: 6.02 | J24: 6.02 | L24: 8.56 | M24: 8.56 | N24: 8.56 | P24: 11.13 | R24: 13.49 | S24: 17.12
A25: 5" (DN 125) | B25: 141.3 | C25: 2.77 | D25: 3.4 | H25: 6.55 | I25: 6.55 | J25: 6.55 | L25: 9.53 | M25: 9.53 | N25: 9.53 | P25: 12.7 | R25: 15.88 | S25: 19.05
A26: 6" (DN 150) | B26: 168.3 | C26: 2.77 | D26: 3.4 | H26: 7.11 | I26: 7.11 | J26: 7.11 | L26: 10.97 | M26: 10.97 | N26: 10.97 | P26: 14.27 | R26: 18.26 | S26: 21.95
A27: 8" (DN 200) | B27: 219.1 | C27: 2.77 | D27: 3.76 | F27: 6.35 | G27: 7.04 | H27: 8.18 | I27: 8.18 | J27: 8.18 | K27: 10.31 | L27: 12.7 | M27: 12.7 | N27: 12.7 | O27: 15.09 | P27: 18.26 | Q27: 20.62 | R27: 23.01 | S27: 22.23
A28: 10" (DN 250) | B28: 273 | C28: 3.4 | D28: 4.19 | F28: 6.35 | G28: 7.8 | H28: 9.27 | I28: 9.27 | J28: 9.27 | K28: 12.7 | L28: 15.09 | M28: 12.7 | N28: 12.7 | O28: 18.26 | P28: 21.44 | Q28: 25.4 | R28: 28.58 | S28: 25.4
A29: 12" (DN 300) | B29: 323.8 | C29: 3.96 | D29: 4.57 | F29: 6.35 | G29: 8.38 | H29: 10.31 | I29: 9.53 | J29: 9.53 | K29: 14.27 | L29: 17.48 | M29: 12.7 | N29: 12.7 | O29: 21.44 | P29: 25.4 | Q29: 28.58 | R29: 33.32 | S29: 25.4
A30: 14" (DN 350) | B30: 355.6 | C30: 3.96 | D30: 4.78 | E30: 6.35 | F30: 7.92 | G30: 9.53 | H30: 11.13 | I30: 9.53 | K30: 15.09 | L30: 19.05 | M30: 12.7 | O30: 23.83 | P30: 27.79 | Q30: 31.75 | R30: 35.71
A31: 16" (DN 400) | B31: 406.4 | C31: 4.19 | D31: 4.78 | E31: 6.35 | F31: 7.92 | G31: 9.53 | H31: 12.7 | I31: 9.53 | K31: 16.66 | L31: 21.44 | M31: 12.7 | O31: 26.19 | P31: 30.96 | Q31: 36.53 | R31: 40.49
A32: 18" (DN 450) | B32: 457 | C32: 4.19 | D32: 4.78 | E32: 6.35 | F32: 7.92 | G32: 11.13 | H32: 14.27 | I32: 9.53 | K32: 19.05 | L32: 23.83 | M32: 12.7 | O32: 29.36 | P32: 34.93 | Q32: 39.67 | R32: 45.24
A33: 20" (DN 500) | B33: 508 | C33: 4.78 | D33: 5.54 | E33: 6.35 | F33: 9.53 | G33: 12.7 | H33: 15.09 | I33: 9.53 | K33: 20.62 | L33: 26.19 | M33: 12.7 | O33: 32.54 | P33: 38.1 | Q33: 44.45 | R33: 50.01
A34: 24" (DN 600) | B34: 610 | C34: 5.54 | D34: 6.35 | E34: 6.35 | F34: 9.53 | G34: 14.27 | H34: 17.48 | I34: 9.53 | K34: 24.61 | L34: 30.96 | M34: 12.7 | O34: 38.89 | P34: 46.02 | Q34: 52.37 | R34: 59.54
A35: 30" (DN 750) | B35: 762 | C35: 6.35 | D35: 7.92 | E35: 7.92 | F35: 12.7 | G35: 15.88 | I35: 9.53 | M35: 12.7
A36: 36" (DN 900) | B36: 914 | E36: 7.92 | F36: 12.7 | G36: 15.88 | H36: 19.05 | I36: 9.53 | M36: 12.7
